image_name,class_name
1.jpg,African Harrier-Hawk
10.jpg,African Harrier-Hawk
100.jpg,African Harrier-Hawk
1000.jpg,Andean Cock-of-the-rock
1001.jpg,Andean Cock-of-the-rock
1002.jpg,American Woodcock
1003.jpg,Andean Cock-of-the-rock
1004.jpg,Andean Cock-of-the-rock
1005.jpg,Andean Cock-of-the-rock
1006.jpg,Andean Cock-of-the-rock
1007.jpg,Andean Cock-of-the-rock
1008.jpg,Andean Cock-of-the-rock
1009.jpg,Andean Cock-of-the-rock
101.jpg,African Harrier-Hawk
1010.jpg,Andean Cock-of-the-rock
1011.jpg,Andean Cock-of-the-rock
1012.jpg,Andean Cock-of-the-rock
1013.jpg,Andean Cock-of-the-rock
1014.jpg,Andean Cock-of-the-rock
1015.jpg,Andean Cock-of-the-rock
1016.jpg,Andean Cock-of-the-rock
1017.jpg,Andean Cock-of-the-rock
1018.jpg,Andean Cock-of-the-rock
1019.jpg,Andean Cock-of-the-rock
102.jpg,African Harrier-Hawk
1020.jpg,Andean Cock-of-the-rock
1021.jpg,Andean Cock-of-the-rock
1022.jpg,Andean Cock-of-the-rock
1023.jpg,Andean Cock-of-the-rock
1024.jpg,Andean Cock-of-the-rock
1025.jpg,Andean Cock-of-the-rock
1026.jpg,Andean Cock-of-the-rock
1027.jpg,Andean Cock-of-the-rock
1028.jpg,Andean Cock-of-the-rock
1029.jpg,Andean Cock-of-the-rock
103.jpg,African Harrier-Hawk
1030.jpg,Andean Cock-of-the-rock
1031.jpg,Andean Cock-of-the-rock
1032.jpg,Andean Cock-of-the-rock
1033.jpg,Andean Cock-of-the-rock
1034.jpg,Andean Cock-of-the-rock
1035.jpg,Andean Cock-of-the-rock
1036.jpg,Andean Cock-of-the-rock
1037.jpg,Andean Cock-of-the-rock
1038.jpg,Andean Cock-of-the-rock
1039.jpg,Andean Cock-of-the-rock
104.jpg,African Harrier-Hawk
1040.jpg,Andean Cock-of-the-rock
1041.jpg,Andean Cock-of-the-rock
1042.jpg,Andean Cock-of-the-rock
1043.jpg,Andean Cock-of-the-rock
1044.jpg,Andean Cock-of-the-rock
1045.jpg,American Woodcock
1046.jpg,Andean Cock-of-the-rock
1047.jpg,Andean Cock-of-the-rock
1048.jpg,Andean Cock-of-the-rock
1049.jpg,Andean Cock-of-the-rock
105.jpg,African Harrier-Hawk
1050.jpg,Andean Cock-of-the-rock
1051.jpg,Andean Cock-of-the-rock
1052.jpg,Andean Cock-of-the-rock
1053.jpg,Andean Cock-of-the-rock
1054.jpg,Andean Cock-of-the-rock
1055.jpg,Andean Cock-of-the-rock
1056.jpg,African Harrier-Hawk
1057.jpg,American Woodcock
1058.jpg,Andean Cock-of-the-rock
1059.jpg,African Harrier-Hawk
106.jpg,African Harrier-Hawk
1060.jpg,Andean Cock-of-the-rock
1061.jpg,Andean Cock-of-the-rock
1062.jpg,African Harrier-Hawk
1063.jpg,Andean Cock-of-the-rock
1064.jpg,Andean Cock-of-the-rock
1065.jpg,Andean Cock-of-the-rock
1066.jpg,Andean Cock-of-the-rock
1067.jpg,Andean Cock-of-the-rock
1068.jpg,Andean Cock-of-the-rock
1069.jpg,Andean Cock-of-the-rock
107.jpg,African Harrier-Hawk
1070.jpg,Andean Cock-of-the-rock
1071.jpg,Andean Cock-of-the-rock
1072.jpg,Andean Cock-of-the-rock
1073.jpg,Andean Cock-of-the-rock
1074.jpg,Andean Cock-of-the-rock
1075.jpg,Andean Cock-of-the-rock
1076.jpg,Andean Cock-of-the-rock
1077.jpg,Andean Cock-of-the-rock
1078.jpg,Andean Cock-of-the-rock
1079.jpg,Andean Cock-of-the-rock
108.jpg,African Harrier-Hawk
1080.jpg,Andean Cock-of-the-rock
1081.jpg,Andean Cock-of-the-rock
1082.jpg,Andean Cock-of-the-rock
1083.jpg,Andean Cock-of-the-rock
1084.jpg,Andean Cock-of-the-rock
1085.jpg,Andean Cock-of-the-rock
1086.jpg,Andean Cock-of-the-rock
1087.jpg,Andean Cock-of-the-rock
1088.jpg,Andean Cock-of-the-rock
1089.jpg,Andean Cock-of-the-rock
109.jpg,African Harrier-Hawk
1090.jpg,Andean Cock-of-the-rock
1091.jpg,Andean Cock-of-the-rock
1092.jpg,Andean Cock-of-the-rock
1093.jpg,Andean Cock-of-the-rock
1094.jpg,Andean Cock-of-the-rock
1095.jpg,Andean Cock-of-the-rock
1096.jpg,Andean Cock-of-the-rock
1097.jpg,Andean Cock-of-the-rock
1098.jpg,Andean Cock-of-the-rock
1099.jpg,Andean Cock-of-the-rock
11.jpg,African Harrier-Hawk
110.jpg,African Harrier-Hawk
1100.jpg,Andean Cock-of-the-rock
1101.jpg,Andean Cock-of-the-rock
1102.jpg,Andean Cock-of-the-rock
1103.jpg,Andean Cock-of-the-rock
1104.jpg,African Harrier-Hawk
1105.jpg,Andean Cock-of-the-rock
1106.jpg,Andean Cock-of-the-rock
1107.jpg,Andean Cock-of-the-rock
1108.jpg,Andean Cock-of-the-rock
1109.jpg,Andean Cock-of-the-rock
111.jpg,African Harrier-Hawk
1110.jpg,Andean Cock-of-the-rock
1111.jpg,Andean Cock-of-the-rock
1112.jpg,Andean Cock-of-the-rock
1113.jpg,Andean Cock-of-the-rock
1114.jpg,Andean Cock-of-the-rock
1115.jpg,Andean Cock-of-the-rock
1116.jpg,Andean Cock-of-the-rock
1117.jpg,Andean Cock-of-the-rock
1118.jpg,Andean Cock-of-the-rock
1119.jpg,Andean Cock-of-the-rock
112.jpg,African Harrier-Hawk
1120.jpg,Andean Cock-of-the-rock
1121.jpg,Andean Cock-of-the-rock
1122.jpg,Andean Cock-of-the-rock
1123.jpg,Andean Cock-of-the-rock
1124.jpg,Andean Cock-of-the-rock
1125.jpg,Andean Cock-of-the-rock
1126.jpg,Andean Cock-of-the-rock
1127.jpg,Andean Cock-of-the-rock
1128.jpg,Andean Cock-of-the-rock
1129.jpg,Andean Cock-of-the-rock
113.jpg,African Harrier-Hawk
1130.jpg,Andean Cock-of-the-rock
1131.jpg,Andean Cock-of-the-rock
1132.jpg,Andean Cock-of-the-rock
1133.jpg,Andean Cock-of-the-rock
1134.jpg,Andean Cock-of-the-rock
1135.jpg,Andean Cock-of-the-rock
1136.jpg,Andean Cock-of-the-rock
1137.jpg,Andean Cock-of-the-rock
1138.jpg,Andean Cock-of-the-rock
1139.jpg,Andean Cock-of-the-rock
114.jpg,Alpine Swift
1140.jpg,American Woodcock
1141.jpg,American Woodcock
1142.jpg,Andean Cock-of-the-rock
1143.jpg,Andean Cock-of-the-rock
1144.jpg,Andean Cock-of-the-rock
1145.jpg,Andean Cock-of-the-rock
1146.jpg,Andean Cock-of-the-rock
1147.jpg,Andean Cock-of-the-rock
1148.jpg,Andean Cock-of-the-rock
1149.jpg,American Woodcock
115.jpg,African Harrier-Hawk
1150.jpg,Andean Cock-of-the-rock
1151.jpg,Andean Cock-of-the-rock
1152.jpg,Andean Cock-of-the-rock
1153.jpg,Andean Cock-of-the-rock
1154.jpg,Andean Cock-of-the-rock
1155.jpg,Andean Cock-of-the-rock
1156.jpg,Andean Cock-of-the-rock
1157.jpg,Andean Cock-of-the-rock
1158.jpg,American Woodcock
1159.jpg,Andean Cock-of-the-rock
116.jpg,African Harrier-Hawk
1160.jpg,American Woodcock
1161.jpg,Andean Cock-of-the-rock
1162.jpg,Andean Cock-of-the-rock
1163.jpg,Andean Cock-of-the-rock
1164.jpg,Andean Cock-of-the-rock
1165.jpg,Andean Cock-of-the-rock
1166.jpg,Andean Cock-of-the-rock
1167.jpg,Andean Cock-of-the-rock
1168.jpg,Andean Cock-of-the-rock
1169.jpg,Andean Cock-of-the-rock
117.jpg,African Harrier-Hawk
1170.jpg,Andean Cock-of-the-rock
1171.jpg,Andean Cock-of-the-rock
1172.jpg,Andean Cock-of-the-rock
1173.jpg,Andean Cock-of-the-rock
1174.jpg,Andean Cock-of-the-rock
1175.jpg,Andean Cock-of-the-rock
1176.jpg,Andean Cock-of-the-rock
1177.jpg,Andean Cock-of-the-rock
1178.jpg,Andean Cock-of-the-rock
1179.jpg,Andean Cock-of-the-rock
118.jpg,American Woodcock
1180.jpg,Andean Cock-of-the-rock
1181.jpg,Andean Cock-of-the-rock
1182.jpg,Andean Cock-of-the-rock
1183.jpg,Andean Cock-of-the-rock
1184.jpg,Andean Cock-of-the-rock
1185.jpg,Andean Cock-of-the-rock
1186.jpg,Andean Cock-of-the-rock
1187.jpg,Andean Cock-of-the-rock
1188.jpg,Andean Cock-of-the-rock
1189.jpg,Andean Cock-of-the-rock
119.jpg,Alpine Swift
1190.jpg,American Woodcock
1191.jpg,Andean Cock-of-the-rock
1192.jpg,Andean Cock-of-the-rock
1193.jpg,Andean Cock-of-the-rock
1194.jpg,Andean Cock-of-the-rock
1195.jpg,Andean Cock-of-the-rock
1196.jpg,Andean Cock-of-the-rock
12.jpg,African Harrier-Hawk
120.jpg,African Harrier-Hawk
121.jpg,African Harrier-Hawk
122.jpg,African Harrier-Hawk
123.jpg,African Harrier-Hawk
124.jpg,African Harrier-Hawk
125.jpg,African Harrier-Hawk
126.jpg,African Harrier-Hawk
127.jpg,African Harrier-Hawk
128.jpg,African Harrier-Hawk
129.jpg,African Harrier-Hawk
13.jpg,African Harrier-Hawk
130.jpg,African Harrier-Hawk
131.jpg,African Harrier-Hawk
132.jpg,African Pied Wagtail
133.jpg,African Harrier-Hawk
134.jpg,African Harrier-Hawk
135.jpg,African Harrier-Hawk
136.jpg,African Harrier-Hawk
137.jpg,African Harrier-Hawk
138.jpg,African Harrier-Hawk
139.jpg,African Harrier-Hawk
14.jpg,African Harrier-Hawk
140.jpg,American Woodcock
141.jpg,African Harrier-Hawk
142.jpg,African Harrier-Hawk
143.jpg,African Harrier-Hawk
144.jpg,Alpine Swift
145.jpg,African Harrier-Hawk
146.jpg,African Harrier-Hawk
147.jpg,African Harrier-Hawk
148.jpg,African Harrier-Hawk
149.jpg,African Harrier-Hawk
15.jpg,African Harrier-Hawk
150.jpg,African Harrier-Hawk
151.jpg,African Harrier-Hawk
152.jpg,American Woodcock
153.jpg,African Harrier-Hawk
154.jpg,African Harrier-Hawk
155.jpg,African Harrier-Hawk
156.jpg,African Harrier-Hawk
157.jpg,American Woodcock
158.jpg,African Pied Wagtail
159.jpg,African Harrier-Hawk
16.jpg,African Harrier-Hawk
160.jpg,African Harrier-Hawk
161.jpg,African Harrier-Hawk
162.jpg,African Harrier-Hawk
163.jpg,African Harrier-Hawk
164.jpg,African Harrier-Hawk
165.jpg,African Harrier-Hawk
166.jpg,African Harrier-Hawk
167.jpg,African Harrier-Hawk
168.jpg,African Harrier-Hawk
169.jpg,African Harrier-Hawk
17.jpg,African Harrier-Hawk
170.jpg,Alpine Swift
171.jpg,Alpine Swift
172.jpg,African Harrier-Hawk
173.jpg,African Harrier-Hawk
174.jpg,African Harrier-Hawk
175.jpg,American Woodcock
176.jpg,Alpine Swift
177.jpg,African Harrier-Hawk
178.jpg,African Harrier-Hawk
179.jpg,American Woodcock
18.jpg,African Harrier-Hawk
180.jpg,African Harrier-Hawk
181.jpg,African Harrier-Hawk
182.jpg,African Pied Wagtail
183.jpg,African Harrier-Hawk
184.jpg,African Harrier-Hawk
185.jpg,African Harrier-Hawk
186.jpg,African Harrier-Hawk
187.jpg,African Harrier-Hawk
188.jpg,African Harrier-Hawk
189.jpg,African Pied Wagtail
19.jpg,African Harrier-Hawk
190.jpg,African Harrier-Hawk
191.jpg,African Harrier-Hawk
192.jpg,African Harrier-Hawk
193.jpg,African Harrier-Hawk
194.jpg,Alpine Swift
195.jpg,African Harrier-Hawk
196.jpg,African Harrier-Hawk
197.jpg,African Harrier-Hawk
198.jpg,African Harrier-Hawk
199.jpg,African Harrier-Hawk
2.jpg,African Harrier-Hawk
20.jpg,African Harrier-Hawk
200.jpg,African Harrier-Hawk
201.jpg,African Harrier-Hawk
202.jpg,African Harrier-Hawk
203.jpg,African Harrier-Hawk
204.jpg,African Harrier-Hawk
205.jpg,African Harrier-Hawk
206.jpg,African Harrier-Hawk
207.jpg,African Harrier-Hawk
208.jpg,African Harrier-Hawk
209.jpg,African Harrier-Hawk
21.jpg,African Harrier-Hawk
210.jpg,African Harrier-Hawk
211.jpg,African Harrier-Hawk
212.jpg,African Harrier-Hawk
213.jpg,African Harrier-Hawk
214.jpg,African Harrier-Hawk
215.jpg,African Harrier-Hawk
216.jpg,African Harrier-Hawk
217.jpg,African Harrier-Hawk
218.jpg,African Harrier-Hawk
219.jpg,African Harrier-Hawk
22.jpg,African Harrier-Hawk
220.jpg,African Harrier-Hawk
221.jpg,African Harrier-Hawk
222.jpg,Alpine Swift
223.jpg,African Harrier-Hawk
224.jpg,Alpine Swift
225.jpg,African Harrier-Hawk
226.jpg,African Harrier-Hawk
227.jpg,African Harrier-Hawk
228.jpg,American Woodcock
229.jpg,African Harrier-Hawk
23.jpg,American Woodcock
230.jpg,African Harrier-Hawk
231.jpg,African Harrier-Hawk
232.jpg,African Harrier-Hawk
233.jpg,African Harrier-Hawk
234.jpg,African Harrier-Hawk
235.jpg,African Harrier-Hawk
236.jpg,African Pied Wagtail
237.jpg,African Pied Wagtail
238.jpg,African Pied Wagtail
239.jpg,African Pied Wagtail
24.jpg,African Harrier-Hawk
240.jpg,African Pied Wagtail
241.jpg,African Pied Wagtail
242.jpg,African Pied Wagtail
243.jpg,African Pied Wagtail
244.jpg,African Pied Wagtail
245.jpg,African Pied Wagtail
246.jpg,American Woodcock
247.jpg,African Pied Wagtail
248.jpg,African Pied Wagtail
249.jpg,African Pied Wagtail
25.jpg,African Harrier-Hawk
250.jpg,African Pied Wagtail
251.jpg,American Woodcock
252.jpg,American Woodcock
253.jpg,African Pied Wagtail
254.jpg,African Pied Wagtail
255.jpg,African Pied Wagtail
256.jpg,African Pied Wagtail
257.jpg,African Pied Wagtail
258.jpg,African Pied Wagtail
259.jpg,African Pied Wagtail
26.jpg,African Harrier-Hawk
260.jpg,African Pied Wagtail
261.jpg,African Pied Wagtail
262.jpg,African Pied Wagtail
263.jpg,African Pied Wagtail
264.jpg,African Pied Wagtail
265.jpg,African Pied Wagtail
266.jpg,African Pied Wagtail
267.jpg,African Pied Wagtail
268.jpg,African Pied Wagtail
269.jpg,African Pied Wagtail
27.jpg,African Harrier-Hawk
270.jpg,African Pied Wagtail
271.jpg,African Pied Wagtail
272.jpg,African Pied Wagtail
273.jpg,African Pied Wagtail
274.jpg,African Pied Wagtail
275.jpg,African Pied Wagtail
276.jpg,African Pied Wagtail
277.jpg,African Pied Wagtail
278.jpg,African Pied Wagtail
279.jpg,African Pied Wagtail
28.jpg,African Harrier-Hawk
280.jpg,African Pied Wagtail
281.jpg,African Pied Wagtail
282.jpg,African Pied Wagtail
283.jpg,African Pied Wagtail
284.jpg,African Pied Wagtail
285.jpg,African Pied Wagtail
286.jpg,African Pied Wagtail
287.jpg,African Pied Wagtail
288.jpg,African Pied Wagtail
289.jpg,African Pied Wagtail
29.jpg,African Harrier-Hawk
290.jpg,African Pied Wagtail
291.jpg,African Pied Wagtail
292.jpg,African Pied Wagtail
293.jpg,African Pied Wagtail
294.jpg,African Pied Wagtail
295.jpg,African Pied Wagtail
296.jpg,African Pied Wagtail
297.jpg,African Pied Wagtail
298.jpg,African Pied Wagtail
299.jpg,African Pied Wagtail
3.jpg,African Harrier-Hawk
30.jpg,African Harrier-Hawk
300.jpg,African Pied Wagtail
301.jpg,African Pied Wagtail
302.jpg,African Pied Wagtail
303.jpg,African Pied Wagtail
304.jpg,African Pied Wagtail
305.jpg,African Pied Wagtail
306.jpg,African Pied Wagtail
307.jpg,African Pied Wagtail
308.jpg,African Pied Wagtail
309.jpg,African Pied Wagtail
31.jpg,African Harrier-Hawk
310.jpg,African Pied Wagtail
311.jpg,African Pied Wagtail
312.jpg,African Pied Wagtail
313.jpg,African Pied Wagtail
314.jpg,African Pied Wagtail
315.jpg,African Pied Wagtail
316.jpg,African Pied Wagtail
317.jpg,African Pied Wagtail
318.jpg,African Pied Wagtail
319.jpg,African Pied Wagtail
32.jpg,African Harrier-Hawk
320.jpg,African Pied Wagtail
321.jpg,African Pied Wagtail
322.jpg,African Pied Wagtail
323.jpg,African Pied Wagtail
324.jpg,African Pied Wagtail
325.jpg,African Pied Wagtail
326.jpg,African Pied Wagtail
327.jpg,African Pied Wagtail
328.jpg,African Pied Wagtail
329.jpg,African Pied Wagtail
33.jpg,African Harrier-Hawk
330.jpg,African Pied Wagtail
331.jpg,African Pied Wagtail
332.jpg,African Pied Wagtail
333.jpg,African Harrier-Hawk
334.jpg,African Pied Wagtail
335.jpg,African Harrier-Hawk
336.jpg,African Pied Wagtail
337.jpg,African Pied Wagtail
338.jpg,African Pied Wagtail
339.jpg,African Pied Wagtail
34.jpg,African Harrier-Hawk
340.jpg,African Pied Wagtail
341.jpg,African Pied Wagtail
342.jpg,African Pied Wagtail
343.jpg,African Pied Wagtail
344.jpg,African Pied Wagtail
345.jpg,African Pied Wagtail
346.jpg,African Pied Wagtail
347.jpg,African Pied Wagtail
348.jpg,African Pied Wagtail
349.jpg,African Pied Wagtail
35.jpg,African Harrier-Hawk
350.jpg,African Pied Wagtail
351.jpg,African Pied Wagtail
352.jpg,African Pied Wagtail
353.jpg,African Pied Wagtail
354.jpg,African Pied Wagtail
355.jpg,African Pied Wagtail
356.jpg,African Pied Wagtail
357.jpg,African Pied Wagtail
358.jpg,African Pied Wagtail
359.jpg,African Pied Wagtail
36.jpg,African Harrier-Hawk
360.jpg,African Pied Wagtail
361.jpg,African Pied Wagtail
362.jpg,African Pied Wagtail
363.jpg,African Pied Wagtail
364.jpg,African Pied Wagtail
365.jpg,African Pied Wagtail
366.jpg,African Pied Wagtail
367.jpg,African Pied Wagtail
368.jpg,African Pied Wagtail
369.jpg,African Pied Wagtail
37.jpg,American Woodcock
370.jpg,African Pied Wagtail
371.jpg,African Pied Wagtail
372.jpg,African Pied Wagtail
373.jpg,African Pied Wagtail
374.jpg,African Pied Wagtail
375.jpg,African Pied Wagtail
376.jpg,African Pied Wagtail
377.jpg,African Pied Wagtail
378.jpg,African Pied Wagtail
379.jpg,African Pied Wagtail
38.jpg,African Harrier-Hawk
380.jpg,African Harrier-Hawk
381.jpg,American Woodcock
382.jpg,American Woodcock
383.jpg,African Pied Wagtail
384.jpg,African Pied Wagtail
385.jpg,African Pied Wagtail
386.jpg,African Pied Wagtail
387.jpg,African Pied Wagtail
388.jpg,American Woodcock
389.jpg,African Pied Wagtail
39.jpg,African Harrier-Hawk
390.jpg,African Pied Wagtail
391.jpg,African Pied Wagtail
392.jpg,African Pied Wagtail
393.jpg,African Pied Wagtail
394.jpg,African Pied Wagtail
395.jpg,Alpine Swift
396.jpg,African Pied Wagtail
397.jpg,African Pied Wagtail
398.jpg,African Pied Wagtail
399.jpg,African Pied Wagtail
4.jpg,African Harrier-Hawk
40.jpg,African Harrier-Hawk
400.jpg,African Pied Wagtail
401.jpg,African Pied Wagtail
402.jpg,African Pied Wagtail
403.jpg,African Pied Wagtail
404.jpg,African Pied Wagtail
405.jpg,African Pied Wagtail
406.jpg,African Pied Wagtail
407.jpg,African Pied Wagtail
408.jpg,African Pied Wagtail
409.jpg,African Pied Wagtail
41.jpg,African Harrier-Hawk
410.jpg,African Pied Wagtail
411.jpg,African Pied Wagtail
412.jpg,African Pied Wagtail
413.jpg,African Pied Wagtail
414.jpg,African Pied Wagtail
415.jpg,African Pied Wagtail
416.jpg,African Pied Wagtail
417.jpg,African Pied Wagtail
418.jpg,African Pied Wagtail
419.jpg,African Pied Wagtail
42.jpg,African Harrier-Hawk
420.jpg,African Pied Wagtail
421.jpg,African Pied Wagtail
422.jpg,African Pied Wagtail
423.jpg,African Pied Wagtail
424.jpg,African Pied Wagtail
425.jpg,African Pied Wagtail
426.jpg,African Pied Wagtail
427.jpg,African Pied Wagtail
428.jpg,African Pied Wagtail
429.jpg,African Pied Wagtail
43.jpg,African Harrier-Hawk
430.jpg,African Pied Wagtail
431.jpg,African Pied Wagtail
432.jpg,African Pied Wagtail
433.jpg,African Pied Wagtail
434.jpg,African Pied Wagtail
435.jpg,American Woodcock
436.jpg,African Pied Wagtail
437.jpg,African Pied Wagtail
438.jpg,African Pied Wagtail
439.jpg,African Pied Wagtail
44.jpg,African Harrier-Hawk
440.jpg,African Pied Wagtail
441.jpg,African Pied Wagtail
442.jpg,African Pied Wagtail
443.jpg,African Pied Wagtail
444.jpg,African Pied Wagtail
445.jpg,African Pied Wagtail
446.jpg,African Pied Wagtail
447.jpg,Alpine Swift
448.jpg,Alpine Swift
449.jpg,Alpine Swift
45.jpg,African Harrier-Hawk
450.jpg,Andean Cock-of-the-rock
451.jpg,American Woodcock
452.jpg,American Woodcock
453.jpg,African Pied Wagtail
454.jpg,Alpine Swift
455.jpg,Alpine Swift
456.jpg,Alpine Swift
457.jpg,Alpine Swift
458.jpg,Alpine Swift
459.jpg,Alpine Swift
46.jpg,African Harrier-Hawk
460.jpg,Alpine Swift
461.jpg,Alpine Swift
462.jpg,Alpine Swift
463.jpg,Alpine Swift
464.jpg,Alpine Swift
465.jpg,Alpine Swift
466.jpg,Alpine Swift
467.jpg,Alpine Swift
468.jpg,African Pied Wagtail
469.jpg,Alpine Swift
47.jpg,African Harrier-Hawk
470.jpg,American Woodcock
471.jpg,African Harrier-Hawk
472.jpg,Alpine Swift
473.jpg,Alpine Swift
474.jpg,Alpine Swift
475.jpg,Alpine Swift
476.jpg,Alpine Swift
477.jpg,Alpine Swift
478.jpg,Alpine Swift
479.jpg,Alpine Swift
48.jpg,African Harrier-Hawk
480.jpg,Alpine Swift
481.jpg,Alpine Swift
482.jpg,Alpine Swift
483.jpg,Alpine Swift
484.jpg,Alpine Swift
485.jpg,Alpine Swift
486.jpg,Alpine Swift
487.jpg,Alpine Swift
488.jpg,Alpine Swift
489.jpg,Alpine Swift
49.jpg,African Harrier-Hawk
490.jpg,Alpine Swift
491.jpg,Alpine Swift
492.jpg,Alpine Swift
493.jpg,Alpine Swift
494.jpg,Alpine Swift
495.jpg,Alpine Swift
496.jpg,Alpine Swift
497.jpg,Alpine Swift
498.jpg,African Harrier-Hawk
499.jpg,Alpine Swift
5.jpg,African Harrier-Hawk
50.jpg,African Harrier-Hawk
500.jpg,Alpine Swift
501.jpg,Alpine Swift
502.jpg,African Pied Wagtail
503.jpg,Alpine Swift
504.jpg,Alpine Swift
505.jpg,Alpine Swift
506.jpg,Alpine Swift
507.jpg,Andean Cock-of-the-rock
508.jpg,African Harrier-Hawk
509.jpg,Alpine Swift
51.jpg,African Harrier-Hawk
510.jpg,Alpine Swift
511.jpg,Alpine Swift
512.jpg,Alpine Swift
513.jpg,Alpine Swift
514.jpg,Alpine Swift
515.jpg,Alpine Swift
516.jpg,Alpine Swift
517.jpg,African Harrier-Hawk
518.jpg,African Pied Wagtail
519.jpg,American Woodcock
52.jpg,African Harrier-Hawk
520.jpg,Alpine Swift
521.jpg,Alpine Swift
522.jpg,Alpine Swift
523.jpg,Alpine Swift
524.jpg,Alpine Swift
525.jpg,Alpine Swift
526.jpg,Alpine Swift
527.jpg,Alpine Swift
528.jpg,Alpine Swift
529.jpg,Alpine Swift
53.jpg,American Woodcock
530.jpg,Alpine Swift
531.jpg,Alpine Swift
532.jpg,Alpine Swift
533.jpg,Alpine Swift
534.jpg,Alpine Swift
535.jpg,Alpine Swift
536.jpg,Alpine Swift
537.jpg,Alpine Swift
538.jpg,Alpine Swift
539.jpg,Alpine Swift
54.jpg,African Harrier-Hawk
540.jpg,Alpine Swift
541.jpg,Alpine Swift
542.jpg,Alpine Swift
543.jpg,Alpine Swift
544.jpg,Alpine Swift
545.jpg,Alpine Swift
546.jpg,Alpine Swift
547.jpg,Andean Cock-of-the-rock
548.jpg,Alpine Swift
549.jpg,Alpine Swift
55.jpg,African Harrier-Hawk
550.jpg,Alpine Swift
551.jpg,Alpine Swift
552.jpg,Alpine Swift
553.jpg,Alpine Swift
554.jpg,Alpine Swift
555.jpg,Alpine Swift
556.jpg,Alpine Swift
557.jpg,Alpine Swift
558.jpg,Alpine Swift
559.jpg,Alpine Swift
56.jpg,African Harrier-Hawk
560.jpg,Alpine Swift
561.jpg,Alpine Swift
562.jpg,Alpine Swift
563.jpg,Alpine Swift
564.jpg,Alpine Swift
565.jpg,Alpine Swift
566.jpg,Alpine Swift
567.jpg,Alpine Swift
568.jpg,African Pied Wagtail
569.jpg,Alpine Swift
57.jpg,African Harrier-Hawk
570.jpg,Alpine Swift
571.jpg,Alpine Swift
572.jpg,Alpine Swift
573.jpg,Alpine Swift
574.jpg,Alpine Swift
575.jpg,Alpine Swift
576.jpg,Alpine Swift
577.jpg,Alpine Swift
578.jpg,Alpine Swift
579.jpg,Alpine Swift
58.jpg,African Harrier-Hawk
580.jpg,Alpine Swift
581.jpg,Alpine Swift
582.jpg,Alpine Swift
583.jpg,Alpine Swift
584.jpg,Alpine Swift
585.jpg,Alpine Swift
586.jpg,Alpine Swift
587.jpg,Alpine Swift
588.jpg,Alpine Swift
589.jpg,Alpine Swift
59.jpg,African Harrier-Hawk
590.jpg,African Harrier-Hawk
591.jpg,Alpine Swift
592.jpg,Alpine Swift
593.jpg,African Pied Wagtail
594.jpg,Alpine Swift
595.jpg,Alpine Swift
596.jpg,Alpine Swift
597.jpg,Alpine Swift
598.jpg,Alpine Swift
599.jpg,Alpine Swift
6.jpg,African Harrier-Hawk
60.jpg,African Harrier-Hawk
600.jpg,Alpine Swift
601.jpg,Alpine Swift
602.jpg,Alpine Swift
603.jpg,Alpine Swift
604.jpg,Alpine Swift
605.jpg,Alpine Swift
606.jpg,Alpine Swift
607.jpg,Alpine Swift
608.jpg,Alpine Swift
609.jpg,Alpine Swift
61.jpg,African Harrier-Hawk
610.jpg,Alpine Swift
611.jpg,Alpine Swift
612.jpg,Alpine Swift
613.jpg,Alpine Swift
614.jpg,Alpine Swift
615.jpg,Alpine Swift
616.jpg,Alpine Swift
617.jpg,Alpine Swift
618.jpg,Alpine Swift
619.jpg,Alpine Swift
62.jpg,African Harrier-Hawk
620.jpg,Alpine Swift
621.jpg,Alpine Swift
622.jpg,Alpine Swift
623.jpg,Alpine Swift
624.jpg,Alpine Swift
625.jpg,Alpine Swift
626.jpg,Alpine Swift
627.jpg,Alpine Swift
628.jpg,Alpine Swift
629.jpg,Alpine Swift
63.jpg,African Harrier-Hawk
630.jpg,Alpine Swift
631.jpg,Alpine Swift
632.jpg,Alpine Swift
633.jpg,Alpine Swift
634.jpg,Alpine Swift
635.jpg,Alpine Swift
636.jpg,Alpine Swift
637.jpg,Alpine Swift
638.jpg,Alpine Swift
639.jpg,Alpine Swift
64.jpg,African Harrier-Hawk
640.jpg,Alpine Swift
641.jpg,Alpine Swift
642.jpg,Alpine Swift
643.jpg,Alpine Swift
644.jpg,Alpine Swift
645.jpg,Alpine Swift
646.jpg,Alpine Swift
647.jpg,Alpine Swift
648.jpg,American Woodcock
649.jpg,Alpine Swift
65.jpg,African Harrier-Hawk
650.jpg,Alpine Swift
651.jpg,Alpine Swift
652.jpg,Alpine Swift
653.jpg,Alpine Swift
654.jpg,Alpine Swift
655.jpg,Alpine Swift
656.jpg,Alpine Swift
657.jpg,African Harrier-Hawk
658.jpg,Alpine Swift
659.jpg,Alpine Swift
66.jpg,African Harrier-Hawk
660.jpg,Alpine Swift
661.jpg,Alpine Swift
662.jpg,Alpine Swift
663.jpg,Alpine Swift
664.jpg,Alpine Swift
665.jpg,Alpine Swift
666.jpg,Alpine Swift
667.jpg,Alpine Swift
668.jpg,Alpine Swift
669.jpg,Alpine Swift
67.jpg,African Harrier-Hawk
670.jpg,Alpine Swift
671.jpg,Alpine Swift
672.jpg,Alpine Swift
673.jpg,African Pied Wagtail
674.jpg,Alpine Swift
675.jpg,Alpine Swift
676.jpg,African Pied Wagtail
677.jpg,Alpine Swift
678.jpg,American Woodcock
679.jpg,African Harrier-Hawk
68.jpg,African Harrier-Hawk
680.jpg,American Woodcock
681.jpg,American Woodcock
682.jpg,American Woodcock
683.jpg,American Woodcock
684.jpg,American Woodcock
685.jpg,American Woodcock
686.jpg,American Woodcock
687.jpg,American Woodcock
688.jpg,American Woodcock
689.jpg,American Woodcock
69.jpg,African Harrier-Hawk
690.jpg,American Woodcock
691.jpg,American Woodcock
692.jpg,American Woodcock
693.jpg,American Woodcock
694.jpg,American Woodcock
695.jpg,American Woodcock
696.jpg,American Woodcock
697.jpg,American Woodcock
698.jpg,American Woodcock
699.jpg,American Woodcock
7.jpg,African Harrier-Hawk
70.jpg,Alpine Swift
700.jpg,American Woodcock
701.jpg,American Woodcock
702.jpg,American Woodcock
703.jpg,American Woodcock
704.jpg,American Woodcock
705.jpg,American Woodcock
706.jpg,American Woodcock
707.jpg,American Woodcock
708.jpg,American Woodcock
709.jpg,American Woodcock
71.jpg,African Harrier-Hawk
710.jpg,American Woodcock
711.jpg,American Woodcock
712.jpg,American Woodcock
713.jpg,American Woodcock
714.jpg,American Woodcock
715.jpg,American Woodcock
716.jpg,American Woodcock
717.jpg,American Woodcock
718.jpg,American Woodcock
719.jpg,African Pied Wagtail
72.jpg,African Harrier-Hawk
720.jpg,American Woodcock
721.jpg,American Woodcock
722.jpg,American Woodcock
723.jpg,African Harrier-Hawk
724.jpg,American Woodcock
725.jpg,American Woodcock
726.jpg,American Woodcock
727.jpg,American Woodcock
728.jpg,American Woodcock
729.jpg,American Woodcock
73.jpg,African Harrier-Hawk
730.jpg,American Woodcock
731.jpg,American Woodcock
732.jpg,American Woodcock
733.jpg,American Woodcock
734.jpg,Andean Cock-of-the-rock
735.jpg,American Woodcock
736.jpg,American Woodcock
737.jpg,American Woodcock
738.jpg,American Woodcock
739.jpg,American Woodcock
74.jpg,African Harrier-Hawk
740.jpg,American Woodcock
741.jpg,American Woodcock
742.jpg,American Woodcock
743.jpg,American Woodcock
744.jpg,American Woodcock
745.jpg,American Woodcock
746.jpg,American Woodcock
747.jpg,American Woodcock
748.jpg,American Woodcock
749.jpg,American Woodcock
75.jpg,African Harrier-Hawk
750.jpg,American Woodcock
751.jpg,American Woodcock
752.jpg,American Woodcock
753.jpg,American Woodcock
754.jpg,American Woodcock
755.jpg,American Woodcock
756.jpg,American Woodcock
757.jpg,American Woodcock
758.jpg,African Harrier-Hawk
759.jpg,American Woodcock
76.jpg,African Harrier-Hawk
760.jpg,American Woodcock
761.jpg,American Woodcock
762.jpg,American Woodcock
763.jpg,American Woodcock
764.jpg,American Woodcock
765.jpg,Alpine Swift
766.jpg,American Woodcock
767.jpg,American Woodcock
768.jpg,American Woodcock
769.jpg,American Woodcock
77.jpg,African Harrier-Hawk
770.jpg,American Woodcock
771.jpg,American Woodcock
772.jpg,American Woodcock
773.jpg,American Woodcock
774.jpg,American Woodcock
775.jpg,American Woodcock
776.jpg,American Woodcock
777.jpg,American Woodcock
778.jpg,American Woodcock
779.jpg,American Woodcock
78.jpg,African Harrier-Hawk
780.jpg,American Woodcock
781.jpg,American Woodcock
782.jpg,American Woodcock
783.jpg,American Woodcock
784.jpg,American Woodcock
785.jpg,American Woodcock
786.jpg,American Woodcock
787.jpg,American Woodcock
788.jpg,American Woodcock
789.jpg,American Woodcock
79.jpg,Alpine Swift
790.jpg,American Woodcock
791.jpg,American Woodcock
792.jpg,American Woodcock
793.jpg,American Woodcock
794.jpg,American Woodcock
795.jpg,American Woodcock
796.jpg,American Woodcock
797.jpg,American Woodcock
798.jpg,American Woodcock
799.jpg,American Woodcock
8.jpg,African Harrier-Hawk
80.jpg,African Harrier-Hawk
800.jpg,American Woodcock
801.jpg,African Harrier-Hawk
802.jpg,American Woodcock
803.jpg,American Woodcock
804.jpg,American Woodcock
805.jpg,American Woodcock
806.jpg,American Woodcock
807.jpg,American Woodcock
808.jpg,American Woodcock
809.jpg,American Woodcock
81.jpg,African Harrier-Hawk
810.jpg,American Woodcock
811.jpg,American Woodcock
812.jpg,American Woodcock
813.jpg,American Woodcock
814.jpg,American Woodcock
815.jpg,African Harrier-Hawk
816.jpg,American Woodcock
817.jpg,American Woodcock
818.jpg,American Woodcock
819.jpg,American Woodcock
82.jpg,African Harrier-Hawk
820.jpg,American Woodcock
821.jpg,African Harrier-Hawk
822.jpg,Alpine Swift
823.jpg,American Woodcock
824.jpg,American Woodcock
825.jpg,American Woodcock
826.jpg,American Woodcock
827.jpg,American Woodcock
828.jpg,American Woodcock
829.jpg,American Woodcock
83.jpg,African Harrier-Hawk
830.jpg,American Woodcock
831.jpg,American Woodcock
832.jpg,American Woodcock
833.jpg,American Woodcock
834.jpg,American Woodcock
835.jpg,American Woodcock
836.jpg,American Woodcock
837.jpg,American Woodcock
838.jpg,American Woodcock
839.jpg,American Woodcock
84.jpg,African Harrier-Hawk
840.jpg,American Woodcock
841.jpg,American Woodcock
842.jpg,American Woodcock
843.jpg,American Woodcock
844.jpg,American Woodcock
845.jpg,American Woodcock
846.jpg,American Woodcock
847.jpg,American Woodcock
848.jpg,American Woodcock
849.jpg,African Harrier-Hawk
85.jpg,African Harrier-Hawk
850.jpg,American Woodcock
851.jpg,American Woodcock
852.jpg,American Woodcock
853.jpg,American Woodcock
854.jpg,American Woodcock
855.jpg,American Woodcock
856.jpg,American Woodcock
857.jpg,Alpine Swift
858.jpg,American Woodcock
859.jpg,American Woodcock
86.jpg,African Harrier-Hawk
860.jpg,American Woodcock
861.jpg,American Woodcock
862.jpg,American Woodcock
863.jpg,American Woodcock
864.jpg,American Woodcock
865.jpg,American Woodcock
866.jpg,American Woodcock
867.jpg,American Woodcock
868.jpg,American Woodcock
869.jpg,American Woodcock
87.jpg,African Harrier-Hawk
870.jpg,American Woodcock
871.jpg,American Woodcock
872.jpg,American Woodcock
873.jpg,American Woodcock
874.jpg,American Woodcock
875.jpg,American Woodcock
876.jpg,American Woodcock
877.jpg,American Woodcock
878.jpg,American Woodcock
879.jpg,American Woodcock
88.jpg,American Woodcock
880.jpg,American Woodcock
881.jpg,American Woodcock
882.jpg,American Woodcock
883.jpg,American Woodcock
884.jpg,American Woodcock
885.jpg,American Woodcock
886.jpg,American Woodcock
887.jpg,American Woodcock
888.jpg,American Woodcock
889.jpg,American Woodcock
89.jpg,African Harrier-Hawk
890.jpg,American Woodcock
891.jpg,American Woodcock
892.jpg,American Woodcock
893.jpg,American Woodcock
894.jpg,American Woodcock
895.jpg,American Woodcock
896.jpg,American Woodcock
897.jpg,American Woodcock
898.jpg,American Woodcock
899.jpg,American Woodcock
9.jpg,African Harrier-Hawk
90.jpg,African Harrier-Hawk
900.jpg,American Woodcock
901.jpg,American Woodcock
902.jpg,American Woodcock
903.jpg,American Woodcock
904.jpg,American Woodcock
905.jpg,American Woodcock
906.jpg,American Woodcock
907.jpg,American Woodcock
908.jpg,American Woodcock
909.jpg,Andean Cock-of-the-rock
91.jpg,African Harrier-Hawk
910.jpg,Andean Cock-of-the-rock
911.jpg,Andean Cock-of-the-rock
912.jpg,Andean Cock-of-the-rock
913.jpg,Andean Cock-of-the-rock
914.jpg,Andean Cock-of-the-rock
915.jpg,Andean Cock-of-the-rock
916.jpg,Andean Cock-of-the-rock
917.jpg,Andean Cock-of-the-rock
918.jpg,Andean Cock-of-the-rock
919.jpg,Andean Cock-of-the-rock
92.jpg,African Harrier-Hawk
920.jpg,Andean Cock-of-the-rock
921.jpg,Andean Cock-of-the-rock
922.jpg,Andean Cock-of-the-rock
923.jpg,Andean Cock-of-the-rock
924.jpg,Andean Cock-of-the-rock
925.jpg,Andean Cock-of-the-rock
926.jpg,Andean Cock-of-the-rock
927.jpg,Andean Cock-of-the-rock
928.jpg,Andean Cock-of-the-rock
929.jpg,Andean Cock-of-the-rock
93.jpg,African Harrier-Hawk
930.jpg,Andean Cock-of-the-rock
931.jpg,Andean Cock-of-the-rock
932.jpg,Andean Cock-of-the-rock
933.jpg,Andean Cock-of-the-rock
934.jpg,American Woodcock
935.jpg,Andean Cock-of-the-rock
936.jpg,Andean Cock-of-the-rock
937.jpg,Andean Cock-of-the-rock
938.jpg,Andean Cock-of-the-rock
939.jpg,Andean Cock-of-the-rock
94.jpg,African Harrier-Hawk
940.jpg,Andean Cock-of-the-rock
941.jpg,Andean Cock-of-the-rock
942.jpg,Andean Cock-of-the-rock
943.jpg,Andean Cock-of-the-rock
944.jpg,Andean Cock-of-the-rock
945.jpg,Andean Cock-of-the-rock
946.jpg,Andean Cock-of-the-rock
947.jpg,Andean Cock-of-the-rock
948.jpg,Andean Cock-of-the-rock
949.jpg,Andean Cock-of-the-rock
95.jpg,African Harrier-Hawk
950.jpg,Andean Cock-of-the-rock
951.jpg,Andean Cock-of-the-rock
952.jpg,Andean Cock-of-the-rock
953.jpg,African Harrier-Hawk
954.jpg,Andean Cock-of-the-rock
955.jpg,Andean Cock-of-the-rock
956.jpg,Andean Cock-of-the-rock
957.jpg,Andean Cock-of-the-rock
958.jpg,Andean Cock-of-the-rock
959.jpg,Andean Cock-of-the-rock
96.jpg,African Harrier-Hawk
960.jpg,Andean Cock-of-the-rock
961.jpg,African Pied Wagtail
962.jpg,Andean Cock-of-the-rock
963.jpg,Andean Cock-of-the-rock
964.jpg,Andean Cock-of-the-rock
965.jpg,Andean Cock-of-the-rock
966.jpg,Andean Cock-of-the-rock
967.jpg,Andean Cock-of-the-rock
968.jpg,Andean Cock-of-the-rock
969.jpg,Andean Cock-of-the-rock
97.jpg,African Harrier-Hawk
970.jpg,Andean Cock-of-the-rock
971.jpg,Andean Cock-of-the-rock
972.jpg,Andean Cock-of-the-rock
973.jpg,Andean Cock-of-the-rock
974.jpg,Andean Cock-of-the-rock
975.jpg,Andean Cock-of-the-rock
976.jpg,Andean Cock-of-the-rock
977.jpg,Andean Cock-of-the-rock
978.jpg,Andean Cock-of-the-rock
979.jpg,Andean Cock-of-the-rock
98.jpg,African Harrier-Hawk
980.jpg,Andean Cock-of-the-rock
981.jpg,Andean Cock-of-the-rock
982.jpg,Andean Cock-of-the-rock
983.jpg,Andean Cock-of-the-rock
984.jpg,Andean Cock-of-the-rock
985.jpg,Andean Cock-of-the-rock
986.jpg,Andean Cock-of-the-rock
987.jpg,Andean Cock-of-the-rock
988.jpg,Andean Cock-of-the-rock
989.jpg,Andean Cock-of-the-rock
99.jpg,African Harrier-Hawk
990.jpg,Andean Cock-of-the-rock
991.jpg,Andean Cock-of-the-rock
992.jpg,Andean Cock-of-the-rock
993.jpg,Andean Cock-of-the-rock
994.jpg,Andean Cock-of-the-rock
995.jpg,Andean Cock-of-the-rock
996.jpg,Andean Cock-of-the-rock
997.jpg,Andean Cock-of-the-rock
998.jpg,Andean Cock-of-the-rock
999.jpg,Andean Cock-of-the-rock
